model,precision,recall,iou,dice,accuracy
AIM,0.29576982044884337,0.8830952288906733,0.2607948322646437,0.3459458521557958,0.47021424320425603
SUN,0.3942124852070267,0.09116407907645174,0.08401552122964492,0.14211895589928578,0.6170704430955162
Finegrain,0.669295197362559,0.09825440323350709,0.09370516834869824,0.17135361715475206,0.4954895833333333
SpectralRes,0.039277652370203156,0.06919039287418481,0.025698588054587346,0.05010943439695888,0.9463151041666666
BMS,0.6341961852861034,0.018697282099343956,0.01849779125908167,0.0363236747646049,0.45643339201877936
IKN,0.5546685178757375,0.0252293215870159,0.02472842066169416,0.04826336454243431,0.7939853556485356
