Model A,Model B,Metric,T-stat,p-value,Cohen's d,Significant,Sample Size
U2Net,U2NetP,dice,0.9258580400242643,0.4522617307556499,0.5345443886393882,False,3
U2Net,U2NetP,iou,1.149340387293915,0.36931090718007964,0.6635719819946504,False,3
U2Net,SAMNet,dice,1.4198618820164224,0.29148536031117567,0.8197576397942702,False,3
U2Net,SAMNet,iou,1.718460075595653,0.22785177383592425,0.992153387236775,False,3
U2NetP,SAMNet,dice,-0.3442560609214929,0.7634809604206291,-0.19875632944318414,False,3
U2NetP,SAMNet,iou,-0.3668374586541318,0.7489163092818836,-0.2117937055028012,False,3
