model,n_images,precision,recall,f1_score,iou,dice,accuracy
Finegrain,2000,0.46590090509206405,0.11624165841769105,0.1509051812265764,0.08619375705888274,0.1509051812268496,0.6951779500661626
SpectralRes,2000,0.4955996723670139,0.08598123661456925,0.1149981718804394,0.06590851125526846,0.11499817188063008,0.7067561512997694
