model,n_images,precision,recall,f1_score,iou,dice,accuracy,time
Finegrain,2000,0.4596561673506838,0.11620882299000042,0.15309017726826768,0.08797077547497585,0.15309017726854418,0.7008973758659403,16.73522663116455
SpectralRes,2000,0.4902781787472504,0.08358185932947002,0.11582572243941057,0.06667371209456133,0.115825722439604,0.7061533963676054,7.852602481842041
