Models,Quality/Time
U^2-Net-Small,13.171051967072371
U^2-Net,11.51300083876379
SAM-Net,9.039533044358134
BMS,8.469403326720586
IttiKoch,7.424718729318332
SpectralRes,46.479052591366354
FineGrained,28.813863161039738
