Model,Pixels Processed,Time (s),MP/s,Samples Used
SpectralRes,138247169,0.9220683574676514,149.93158357551607,500
BMS,138749368,24.666412830352783,5.6250322636806205,500
U2NetP,136420206,35.649815797805786,3.826673517017065,500
Finegrain,135397722,41.71116638183594,3.2460785383110737,500
IKN,137439833,45.221741676330566,3.0392423623068265,500
U2Net,138267921,47.712928771972656,2.8979130931325434,500
SAMNet,137095328,53.62883496284485,2.556373415439333,500
